direction,model,stratum,level,n,mae,coverage90,mean_scale
CPTAC_to_TCGA,assay_aware_refit,true_q,"(-0.001, 3.611]",560,0.9296999281937522,0.6767857142857143,0.7314616780639405
CPTAC_to_TCGA,assay_aware_refit,true_q,"(3.611, 4.094]",513,0.4661983532747562,0.9220272904483431,0.6552900733393535
CPTAC_to_TCGA,assay_aware_refit,true_q,"(4.094, 5.222]",529,0.4714990438119976,0.8960302457466919,0.635147847113139
CPTAC_to_TCGA,assay_aware_refit,true_q,"(5.222, 10.039]",534,1.055619035320782,0.649812734082397,0.8123925755849194
CPTAC_to_TCGA,assay_aware_refit,scale_q,"(0.235, 0.494]",534,0.5623511605048448,0.7153558052434457,0.40413514693987357
CPTAC_to_TCGA,assay_aware_refit,scale_q,"(0.494, 0.645]",534,0.6982783000269782,0.7378277153558053,0.5686241098948186
CPTAC_to_TCGA,assay_aware_refit,scale_q,"(0.645, 0.824]",534,0.7337533139557427,0.8108614232209738,0.7254332690854346
CPTAC_to_TCGA,assay_aware_refit,scale_q,"(0.824, 3.689]",534,0.9511514465916395,0.8689138576779026,1.1399969756231176
TCGA_to_CPTAC,assay_aware_refit,true_q,"(-0.001, 3.555]",370,0.858903816033591,0.8189189189189189,1.2107224375143781
TCGA_to_CPTAC,assay_aware_refit,true_q,"(3.555, 4.078]",349,0.43326804300889366,0.9255014326647565,0.7368445142235431
TCGA_to_CPTAC,assay_aware_refit,true_q,"(4.078, 5.153]",360,0.41832162196989414,0.975,0.7176943923312206
TCGA_to_CPTAC,assay_aware_refit,true_q,"(5.153, 9.147]",358,0.779402655818165,0.8435754189944135,0.8806323057501897
TCGA_to_CPTAC,assay_aware_refit,scale_q,"(0.286, 0.613]",360,0.4731476235168952,0.8694444444444445,0.5365306308286057
TCGA_to_CPTAC,assay_aware_refit,scale_q,"(0.613, 0.746]",359,0.5738901634845008,0.8857938718662952,0.6792367622325458
TCGA_to_CPTAC,assay_aware_refit,scale_q,"(0.746, 0.964]",359,0.7182530547693691,0.8523676880222841,0.8414417016860393
TCGA_to_CPTAC,assay_aware_refit,scale_q,"(0.964, 5.016]",359,0.7365301777587074,0.9526462395543176,1.5033086027773641
