source,direction,model,stratum,n,rmse,mae,spearman,r2,bias,calibration_intercept,calibration_slope,coverage90,coverage95,mean_width90
gpu,CPTAC_to_TCGA,assay_aware_refit,overall,2136,1.009856967097733,0.7363835552698013,0.7266018591544678,0.5600502256992415,0.08352752770651851,-0.7223514229690027,1.143203902763422,0.7832397003745318,0.846441947565543,2.334198000806703
gpu,TCGA_to_CPTAC,assay_aware_refit,overall,1437,0.8673120859280186,0.6253492648814178,0.7701731167627804,0.6671494499989681,0.11913358098156517,-0.21600624594104367,1.0222204793454128,0.8900487125956854,0.9318023660403618,2.927449279598776
cpu,CPTAC_to_TCGA,coral_pca_hgb,overall,2136,1.0406336297206242,0.7379514426036773,0.7165268377578974,0.5328255523814058,0.031071193779693692,-0.510699251200128,1.108796626709933,,,
cpu,TCGA_to_CPTAC,coral_pca_hgb,overall,1437,0.9066913800691536,0.6715435569397133,0.7446130679152878,0.6362378940686331,-0.014856862322974415,-0.3188489920645017,1.0789720193932937,,,
gpu,CPTAC_to_TCGA,assay_aware_refit,GBM,225,0.9169080521128894,0.6498045845384951,0.10157985125093955,-0.3869715611005049,0.4012495194541084,2.6630633553446588,0.2827422315099279,0.8533333333333334,0.9244444444444444,2.341596410742781
gpu,CPTAC_to_TCGA,assay_aware_refit,KIRC,323,0.556601716920379,0.4436547935808652,0.30398012166520466,-0.19713692385640602,0.3091010478997009,0.7835675401091882,0.7339047276699096,0.8235294117647058,0.8792569659442725,1.6218728551600308
gpu,CPTAC_to_TCGA,assay_aware_refit,LAML,99,1.246897203610302,0.9322757459298929,0.3012434849134492,-0.028244694656499147,0.13885313179657519,0.8203150475149023,0.4701156368259238,0.9191919191919192,0.9393939393939394,4.3993759692460195
gpu,CPTAC_to_TCGA,assay_aware_refit,LUAD,449,0.9588373928658457,0.7556001499306296,0.6523465737628059,0.31142577184539855,-0.38511866716074783,-0.15800579095159772,1.11844113549653,0.7082405345211581,0.7861915367483296,1.9778189745301156
gpu,CPTAC_to_TCGA,assay_aware_refit,PAAD,156,1.222707382423755,0.7804400689072079,0.6153449108354235,0.019568512603053034,0.5915687631847512,-5.780778079715446,2.423468180782719,0.7243589743589743,0.75,1.6782684748149341
gpu,CPTAC_to_TCGA,assay_aware_refit,SKCM,93,1.149364376347425,0.9133566664965777,0.5436037078132859,0.2243725650352677,0.3507826336823056,-1.8041588185163908,1.2683225665041624,0.7634408602150538,0.8387096774193549,2.9680663394741895
gpu,CPTAC_to_TCGA,assay_aware_refit,STAD,338,0.9397541340791952,0.7069902361262245,0.7189103338079652,0.510643429685053,0.3936099738058959,-0.9325855361441189,1.1034585277493887,0.7958579881656804,0.8668639053254438,2.377799474381131
gpu,CPTAC_to_TCGA,assay_aware_refit,UCEC,453,1.2141465091837593,0.8966787141241337,0.7195883976006923,0.5050593414419979,-0.2438892776953815,-2.5158981199556107,1.5762383485801643,0.7792494481236203,0.8432671081677704,2.8035487650924322
gpu,TCGA_to_CPTAC,assay_aware_refit,GBM,164,0.7019008094013128,0.419575764154031,0.2626222311987345,-0.11441433706771864,-0.0920395732410555,2.5822101071870605,0.3398062242488374,0.9817073170731707,0.9878048780487805,3.3509227248557156
gpu,TCGA_to_CPTAC,assay_aware_refit,KIRC,230,0.5779341789187508,0.41114251734553897,0.500777431577274,0.32107150602440204,0.23420969697012423,-0.23111778650431747,0.9992456928804309,0.9173913043478261,0.9608695652173913,2.01012122917351
gpu,TCGA_to_CPTAC,assay_aware_refit,LAML,124,1.0544973247622524,0.8328565461260657,0.2728390334879341,-0.23542259251925057,0.3620057490964731,0.7077083913557458,0.4053267431087381,0.9838709677419355,1.0,6.89199874397988
gpu,TCGA_to_CPTAC,assay_aware_refit,LUAD,300,0.8377865402843359,0.6698283135890961,0.6745542525499224,0.4152558063373505,0.22823517150349085,-0.4150436141855769,1.0365887534242864,0.8533333333333334,0.9133333333333333,2.375099714384425
gpu,TCGA_to_CPTAC,assay_aware_refit,PAAD,144,0.7971886375536339,0.5839614611532953,0.4118760483913197,-0.2202450317535436,0.4910602147380511,0.4808399737784024,0.7536272747885726,0.8888888888888888,0.9236111111111112,2.1063119247324007
gpu,TCGA_to_CPTAC,assay_aware_refit,SKCM,138,1.154037992275927,0.8822965290811327,0.32366170303369796,-0.05670309472959123,-0.14690439511036527,3.0658296385940726,0.45602982350287424,0.8260869565217391,0.8913043478260869,3.451599561028636
gpu,TCGA_to_CPTAC,assay_aware_refit,STAD,130,0.7829649678732947,0.5842849318797771,0.7310516061694832,0.6402331046888214,0.023251066758082427,-0.027188426349814776,1.0007840070783598,0.8769230769230769,0.9,2.3406046144696
gpu,TCGA_to_CPTAC,assay_aware_refit,UCEC,207,1.0306646037111844,0.7209013090041525,0.6552442068777424,0.5422605049495324,-0.1661862407521541,0.03165914676527848,1.0282073668890397,0.8357487922705314,0.893719806763285,2.627146812385978
cpu,CPTAC_to_TCGA,coral_pca_hgb,GBM,225,0.8221109038512274,0.5152214675011657,0.045445170598863216,-0.11500497536784593,-0.04171197673696103,3.051069404759863,0.21412339391754837,,,
cpu,CPTAC_to_TCGA,coral_pca_hgb,KIRC,323,0.5007994824015779,0.39024317410688236,0.3003449731660933,0.030869029758115785,0.16226838783540995,1.3404423927143627,0.6204770960473793,,,
cpu,CPTAC_to_TCGA,coral_pca_hgb,LAML,99,1.2363478685499065,0.9205635362002478,0.14532242814441748,-0.010919440612093823,0.05413882008712644,0.8807157875685169,0.4581909560208625,,,
cpu,CPTAC_to_TCGA,coral_pca_hgb,LUAD,449,0.9596474802031254,0.7518175708166978,0.5685625295810672,0.3102617725775738,-0.15268665246998336,-0.02383756119770819,1.036638189675307,,,
cpu,CPTAC_to_TCGA,coral_pca_hgb,PAAD,156,1.2361890913076563,0.7601008290801793,0.572203452930295,-0.0021714048010241793,0.5239928336907455,-0.7372702411222294,1.0596097747162267,,,
cpu,CPTAC_to_TCGA,coral_pca_hgb,SKCM,93,1.2512468554496734,0.9888975075144384,0.2873715426257483,0.08077104040916083,0.22387521980271413,0.7625602765571395,0.8135148182962731,,,
cpu,CPTAC_to_TCGA,coral_pca_hgb,STAD,338,0.9929648367750763,0.7437864474099999,0.6171791657441674,0.45365790240152293,0.20419061567084534,-0.8103064775200792,1.1207363283799234,,,
cpu,CPTAC_to_TCGA,coral_pca_hgb,UCEC,453,1.3272127428535136,0.9793510150920899,0.6655529734777759,0.40858542258505026,-0.1877319346917282,-2.382611144254967,1.5304627705551597,,,
cpu,TCGA_to_CPTAC,coral_pca_hgb,GBM,164,0.6600921855798842,0.4336266313509411,0.20076225245676227,0.014391604559966575,0.15074198149070162,1.3581432612746323,0.6241561364854423,,,
cpu,TCGA_to_CPTAC,coral_pca_hgb,KIRC,230,0.6616377517807792,0.4593123390215905,0.3120164228866032,0.11016838859183598,0.006817610533863672,0.7844172109160703,0.7956318591104237,,,
cpu,TCGA_to_CPTAC,coral_pca_hgb,LAML,124,1.0597909400899734,0.8509783100109537,0.2493351915062293,-0.2478574780951337,0.3795423057768034,0.7565683266443003,0.37451353621976763,,,
cpu,TCGA_to_CPTAC,coral_pca_hgb,LUAD,300,0.8660265571118756,0.7146145324819028,0.6202089579330821,0.3751704229477335,-0.027659013458991508,-0.3150282758717138,1.070661099654701,,,
cpu,TCGA_to_CPTAC,coral_pca_hgb,PAAD,144,0.6549039431900021,0.4697475282014756,0.5020005677060877,0.17646881107519274,0.1567059968077581,1.2581029590589634,0.6081385427883194,,,
cpu,TCGA_to_CPTAC,coral_pca_hgb,SKCM,138,1.2984962740255759,1.0421108163993582,0.13169034345559072,-0.3378091572116526,-0.49277592337876325,4.333828677650863,0.23486438098748497,,,
cpu,TCGA_to_CPTAC,coral_pca_hgb,STAD,130,0.7812115072702223,0.5916123379676144,0.7023511041178688,0.6418427100184202,-0.14304248261987332,0.37575329223486165,0.9520757353099167,,,
cpu,TCGA_to_CPTAC,coral_pca_hgb,UCEC,207,1.1445014120287544,0.869474758260894,0.63226308051966,0.43556188858484923,-0.10807561254815652,-0.6613744851101133,1.1593945826478673,,,
