n,rmse,mae,spearman,r2,coverage_50,coverage_90,coverage_95,width_90,direction,seed,variant,evaluation,epochs,scale_factor,source_train_n,source_calibration_n,target_adaptation_n,target_external_n
487,0.8309114828121793,0.6228857040405273,0.7717901064338272,0.705599308013916,0.5687885010266941,0.9034907597535934,0.9363449691991786,2.7012308948814874,TCGA_to_CPTAC,11,mlp_no_domain,source_calibration_dev_checkpoint,50,0.8211176991462708,1944,487,,
823,1.0081802406950686,0.7164530754089355,0.6619607890347409,0.5306531190872192,0.5382746051032807,0.8602673147023087,0.9076549210206561,2.701230894881487,TCGA_to_CPTAC,11,mlp_no_domain,clean,50,0.8211176991462708,1944,487,823.0,823.0
823,1.0459765094358602,0.7633965611457825,0.635228733905335,0.49480217695236206,0.4933171324422843,0.8359659781287971,0.8809234507897934,2.701230894881487,TCGA_to_CPTAC,11,mlp_no_domain,mask10,50,0.8211176991462708,1944,487,823.0,823.0
823,1.009591535838507,0.7187357544898987,0.6605389937332424,0.5293381214141846,0.543134872417983,0.8578371810449574,0.9076549210206561,2.701230894881487,TCGA_to_CPTAC,11,mlp_no_domain,noise01,50,0.8211176991462708,1944,487,823.0,823.0
487,0.7998337140714017,0.5856587886810303,0.7865904811102333,0.7272098660469055,0.5605749486652978,0.9014373716632443,0.9363449691991786,2.628995327915566,TCGA_to_CPTAC,11,hetero_no_domain,source_calibration_dev_checkpoint,50,3.7908780574798584,1944,487,,
823,0.9447023613783235,0.6585274934768677,0.7263210028756807,0.5878952741622925,0.5844471445929527,0.9040097205346294,0.9295261239368166,3.1208550133055244,TCGA_to_CPTAC,11,hetero_no_domain,clean,50,3.7908780574798584,1944,487,823.0,823.0
823,0.9702119256077938,0.6833878755569458,0.7105531003093708,0.5653388500213623,0.574726609963548,0.8979343863912516,0.9270959902794653,3.124714617635981,TCGA_to_CPTAC,11,hetero_no_domain,mask10,50,3.7908780574798584,1944,487,823.0,823.0
823,0.9449087494486152,0.6585313081741333,0.7270842988876055,0.587715208530426,0.5880923450789793,0.9027946537059538,0.9307411907654921,3.121533564068657,TCGA_to_CPTAC,11,hetero_no_domain,noise01,50,3.7908780574798584,1944,487,823.0,823.0
487,0.7732310163977797,0.5752326846122742,0.8078706205218347,0.7450542449951172,0.5236139630390144,0.8747433264887063,0.9240246406570842,2.540520227337483,TCGA_to_CPTAC,11,hetero_domain,source_calibration_dev_checkpoint,50,3.0803470611572266,1944,487,,
823,0.8694680957874678,0.6169273257255554,0.7670235611587182,0.650920033454895,0.47023086269744835,0.8323207776427703,0.8967193195625759,2.26318753934328,TCGA_to_CPTAC,11,hetero_domain,clean,50,3.0803470611572266,1944,487,823.0,823.0
823,0.8928739362227293,0.6399761438369751,0.754750174805212,0.631872832775116,0.4629404617253949,0.8250303766707169,0.8833535844471446,2.2680142124922167,TCGA_to_CPTAC,11,hetero_domain,mask10,50,3.0803470611572266,1944,487,823.0,823.0
823,0.8693566214664012,0.6158773303031921,0.7678378347052625,0.6510095596313477,0.4665856622114216,0.8286755771567437,0.8979343863912516,2.263550436934615,TCGA_to_CPTAC,11,hetero_domain,noise01,50,3.0803470611572266,1944,487,823.0,823.0
487,0.8796354193710685,0.6577432751655579,0.7617695914035436,0.6700602769851685,0.5667351129363449,0.891170431211499,0.9404517453798767,2.87537078614831,TCGA_to_CPTAC,11,homo_domain,source_calibration_dev_checkpoint,50,1.470372200012207,1944,487,,
823,1.0311050313143695,0.7959383130073547,0.71201626103856,0.5090656280517578,0.4398541919805589,0.8323207776427703,0.8918590522478737,2.7030050393879423,TCGA_to_CPTAC,11,homo_domain,clean,50,1.470372200012207,1944,487,823.0,823.0
823,1.063219500002204,0.8185151815414429,0.6876033715830547,0.4780084490776062,0.4459295261239368,0.8153098420413123,0.8857837181044957,2.7030050393879423,TCGA_to_CPTAC,11,homo_domain,mask10,50,1.470372200012207,1944,487,823.0,823.0
823,1.0332405646018181,0.7975158095359802,0.7110336948919781,0.5070300102233887,0.43013365735115433,0.8298906439854192,0.8906439854191981,2.7030050393879423,TCGA_to_CPTAC,11,homo_domain,noise01,50,1.470372200012207,1944,487,823.0,823.0
487,0.9265459017368541,0.6495542526245117,0.7520506097484287,0.656639814376831,0.6139630390143738,0.9240246406570842,0.9507186858316222,3.0455233621478075,TCGA_to_CPTAC,23,mlp_no_domain,source_calibration_dev_checkpoint,50,0.925775408744812,1944,487,,
823,0.9996542034703604,0.7337512969970703,0.7035625071499764,0.5629371404647827,0.5528554070473876,0.8894289185905225,0.9234507897934386,3.045523362147808,TCGA_to_CPTAC,23,mlp_no_domain,clean,50,0.925775408744812,1944,487,823.0,823.0
823,1.0389092124360868,0.7627070546150208,0.6771159358403415,0.5279374718666077,0.5358444714459295,0.8748481166464156,0.9149453219927096,3.045523362147808,TCGA_to_CPTAC,23,mlp_no_domain,mask10,50,0.925775408744812,1944,487,823.0,823.0
823,1.00288998711894,0.7358604669570923,0.7008648542970841,0.5601030588150024,0.5467800729040098,0.8882138517618469,0.9198055893074119,3.045523362147808,TCGA_to_CPTAC,23,mlp_no_domain,noise01,50,0.925775408744812,1944,487,823.0,823.0
487,0.9221670367078546,0.6327860355377197,0.7660294256071011,0.6598776578903198,0.5728952772073922,0.9383983572895277,0.9691991786447639,3.0038935745942275,TCGA_to_CPTAC,23,hetero_no_domain,source_calibration_dev_checkpoint,50,4.027332305908203,1944,487,,
823,0.9385672534386095,0.6751253008842468,0.739958431895541,0.6147211790084839,0.6099635479951397,0.9258809234507898,0.9562575941676792,3.2974937493743828,TCGA_to_CPTAC,23,hetero_no_domain,clean,50,4.027332305908203,1944,487,823.0,823.0
823,0.9641123172989671,0.6963135600090027,0.7265293256462563,0.5934634208679199,0.5929526123936817,0.9222357229647631,0.9611178614823815,3.296100820702901,TCGA_to_CPTAC,23,hetero_no_domain,mask10,50,4.027332305908203,1944,487,823.0,823.0
823,0.9414351842715393,0.6763421893119812,0.7382844516622457,0.6123630404472351,0.6123936816524909,0.9270959902794653,0.9550425273390036,3.300172845041006,TCGA_to_CPTAC,23,hetero_no_domain,noise01,50,4.027332305908203,1944,487,823.0,823.0
487,0.9232085329768828,0.6482848525047302,0.7560029007951019,0.6591089367866516,0.5564681724845996,0.9014373716632443,0.944558521560575,3.0366993488623617,TCGA_to_CPTAC,23,hetero_domain,source_calibration_dev_checkpoint,50,2.9334020614624023,1944,487,,
823,0.9038128803796577,0.6660466194152832,0.7777746871968849,0.6427260637283325,0.46780072904009723,0.7776427703523694,0.8383961117861483,2.5255543631208006,TCGA_to_CPTAC,23,hetero_domain,clean,50,2.9334020614624023,1944,487,823.0,823.0
823,0.9300061168777128,0.687200665473938,0.7679281283470055,0.6217177510261536,0.4532199270959903,0.7618469015795869,0.8335358444714459,2.525223373429204,TCGA_to_CPTAC,23,hetero_domain,mask10,50,2.9334020614624023,1944,487,823.0,823.0
823,0.9059344103925958,0.668438196182251,0.7764539005501939,0.6410467624664307,0.4617253948967193,0.7752126366950183,0.8408262454434994,2.5254379374666427,TCGA_to_CPTAC,23,hetero_domain,noise01,50,2.9334020614624023,1944,487,823.0,823.0
487,0.939015340017563,0.6583911776542664,0.7527255419278525,0.6473357677459717,0.6098562628336756,0.9301848049281314,0.9548254620123203,3.083970218718051,TCGA_to_CPTAC,23,homo_domain,source_calibration_dev_checkpoint,50,1.7917441129684448,1944,487,,
823,0.9512777406655281,0.7031033635139465,0.7532371243704312,0.6042152643203735,0.551640340218712,0.8869987849331713,0.93681652490887,2.9583573366284375,TCGA_to_CPTAC,23,homo_domain,clean,50,1.7917441129684448,1944,487,823.0,823.0
823,0.9841387934590868,0.7296172380447388,0.7338023386146737,0.5763989686965942,0.5261239368165249,0.8833535844471446,0.9234507897934386,2.9583573366284375,TCGA_to_CPTAC,23,homo_domain,mask10,50,1.7917441129684448,1944,487,823.0,823.0
823,0.9541678117692454,0.7044312357902527,0.7511751080295842,0.6018067598342896,0.5540704738760632,0.8918590522478737,0.9331713244228432,2.9583573366284375,TCGA_to_CPTAC,23,homo_domain,noise01,50,1.7917441129684448,1944,487,823.0,823.0
487,0.8090557308215895,0.6043874025344849,0.7808705121223815,0.6855549216270447,0.5749486652977412,0.893223819301848,0.9322381930184805,2.6614679399549965,TCGA_to_CPTAC,47,mlp_no_domain,source_calibration_dev_checkpoint,50,0.8090305924415588,1944,487,,
823,1.07184446641679,0.7841289043426514,0.7009376959730267,0.5524519085884094,0.48602673147023084,0.8298906439854192,0.8699878493317132,2.661467939954996,TCGA_to_CPTAC,47,mlp_no_domain,clean,50,0.8090305924415588,1944,487,823.0,823.0
823,1.0987065404948493,0.8138657808303833,0.6902546651087254,0.5297383069992065,0.46780072904009723,0.8116646415552855,0.8614823815309842,2.661467939954996,TCGA_to_CPTAC,47,mlp_no_domain,mask10,50,0.8090305924415588,1944,487,823.0,823.0
823,1.0738167305262367,0.7884364128112793,0.7003033280805343,0.5508033633232117,0.48602673147023084,0.8298906439854192,0.8712029161603888,2.661467939954996,TCGA_to_CPTAC,47,mlp_no_domain,noise01,50,0.8090305924415588,1944,487,823.0,823.0
487,0.7920617615118312,0.5835208892822266,0.7929771964012265,0.6986258029937744,0.5503080082135524,0.9075975359342916,0.9363449691991786,2.603255508549894,TCGA_to_CPTAC,47,hetero_no_domain,source_calibration_dev_checkpoint,50,3.7107009887695312,1944,487,,
823,1.0055978379454698,0.7279869914054871,0.7324874101998611,0.6060647368431091,0.5698663426488457,0.9064398541919806,0.9331713244228432,3.276054543255829,TCGA_to_CPTAC,47,hetero_no_domain,clean,50,3.7107009887695312,1944,487,823.0,823.0
823,1.0257238228172754,0.7472963333129883,0.7202483346885,0.5901385545730591,0.560145808019441,0.9015795868772782,0.9356014580801945,3.2904075019554915,TCGA_to_CPTAC,47,hetero_no_domain,mask10,50,3.7107009887695312,1944,487,823.0,823.0
823,1.0072915556840858,0.7292599678039551,0.7311369767427969,0.6047366857528687,0.5650060753341434,0.9076549210206561,0.9343863912515188,3.2745805704250297,TCGA_to_CPTAC,47,hetero_no_domain,noise01,50,3.7107009887695312,1944,487,823.0,823.0
487,0.7951760975119803,0.5803754329681396,0.7942265523150364,0.6962512135505676,0.5811088295687885,0.9055441478439425,0.9404517453798767,2.6022040971335563,TCGA_to_CPTAC,47,hetero_domain,source_calibration_dev_checkpoint,50,3.4911909103393555,1944,487,,
823,0.8988240612854954,0.6512451767921448,0.7998587227393386,0.685279130935669,0.4835965978128797,0.8396111786148238,0.8955042527339003,2.441399750857198,TCGA_to_CPTAC,47,hetero_domain,clean,50,3.4911909103393555,1944,487,823.0,823.0
823,0.9266212933624576,0.6773951649665833,0.788953385943356,0.6655118465423584,0.4665856622114216,0.8238153098420413,0.8833535844471446,2.4444361858150105,TCGA_to_CPTAC,47,hetero_domain,mask10,50,3.4911909103393555,1944,487,823.0,823.0
823,0.8988013152857733,0.652213990688324,0.7995237299922419,0.685295045375824,0.4848116646415553,0.8432563791008505,0.8906439854191981,2.441204168237853,TCGA_to_CPTAC,47,hetero_domain,noise01,50,3.4911909103393555,1944,487,823.0,823.0
487,0.8732287667611928,0.6657345294952393,0.7519031596288634,0.633694052696228,0.5667351129363449,0.8891170431211499,0.9383983572895277,2.8666306538283814,TCGA_to_CPTAC,47,homo_domain,source_calibration_dev_checkpoint,50,1.517693281173706,1944,487,,
823,1.07562895717037,0.7877933979034424,0.7474334772597928,0.549285888671875,0.511543134872418,0.8396111786148238,0.8857837181044957,2.859793491494656,TCGA_to_CPTAC,47,homo_domain,clean,50,1.517693281173706,1944,487,823.0,823.0
823,1.1018621699927227,0.8087651133537292,0.7363986512681423,0.5270331501960754,0.488456865127582,0.8420413122721749,0.8784933171324423,2.859793491494656,TCGA_to_CPTAC,47,homo_domain,mask10,50,1.517693281173706,1944,487,823.0,823.0
823,1.0738406538969612,0.7876399755477905,0.7475980781558985,0.5507833957672119,0.5066828675577156,0.8408262454434994,0.8857837181044957,2.859793491494656,TCGA_to_CPTAC,47,homo_domain,noise01,50,1.517693281173706,1944,487,823.0,823.0
330,0.7920374922018178,0.5541571378707886,0.852612215587273,0.7571836709976196,0.6151515151515151,0.8818181818181818,0.9454545454545454,2.6055219949305055,CPTAC_to_TCGA,11,mlp_no_domain,source_calibration_dev_checkpoint,50,0.7920241951942444,1316,330,,
1216,1.0386805011438411,0.7887884974479675,0.7162537475183426,0.5362403392791748,0.421875,0.834703947368421,0.8947368421052632,2.6055219949305055,CPTAC_to_TCGA,11,mlp_no_domain,clean,50,0.7920241951942444,1316,330,1215.0,1216.0
1216,1.0512296719575795,0.7987621426582336,0.6998320917026059,0.5249665379524231,0.4292763157894737,0.8207236842105263,0.8848684210526315,2.6055219949305055,CPTAC_to_TCGA,11,mlp_no_domain,mask10,50,0.7920241951942444,1316,330,1215.0,1216.0
1216,1.0374163444527327,0.7878148555755615,0.7178764121220277,0.5373685359954834,0.42269736842105265,0.837171052631579,0.8922697368421053,2.6055219949305055,CPTAC_to_TCGA,11,mlp_no_domain,noise01,50,0.7920241951942444,1316,330,1215.0,1216.0
330,0.7724997490200388,0.540081262588501,0.8602311099267939,0.769015371799469,0.5636363636363636,0.8787878787878788,0.906060606060606,2.5371581545393487,CPTAC_to_TCGA,11,hetero_no_domain,source_calibration_dev_checkpoint,50,3.6058292388916016,1316,330,,
1216,1.1093631260196137,0.8474392294883728,0.705588701884493,0.4709746837615967,0.5575657894736842,0.9514802631578947,0.9712171052631579,4.296108248573819,CPTAC_to_TCGA,11,hetero_no_domain,clean,50,3.6058292388916016,1316,330,1215.0,1216.0
1216,1.1160840540580519,0.85369473695755,0.6951466837003155,0.46454519033432007,0.5600328947368421,0.9490131578947368,0.9703947368421053,4.309929458930583,CPTAC_to_TCGA,11,hetero_no_domain,mask10,50,3.6058292388916016,1316,330,1215.0,1216.0
1216,1.1087037325627216,0.8470026254653931,0.7062821649817528,0.4716033935546875,0.5567434210526315,0.9514802631578947,0.9712171052631579,4.297079766684319,CPTAC_to_TCGA,11,hetero_no_domain,noise01,50,3.6058292388916016,1316,330,1215.0,1216.0
330,0.796907648651893,0.552762508392334,0.8660387010492402,0.7541884183883667,0.6212121212121212,0.9151515151515152,0.9363636363636364,2.6136214030523646,CPTAC_to_TCGA,11,hetero_domain,source_calibration_dev_checkpoint,50,3.4842591285705566,1316,330,,
1216,1.0749960566603616,0.794512927532196,0.7293099352029522,0.5032444000244141,0.3412828947368421,0.6825657894736842,0.7664473684210527,2.1504127451584036,CPTAC_to_TCGA,11,hetero_domain,clean,50,3.4842591285705566,1316,330,1215.0,1216.0
1216,1.0753362218562206,0.7942622303962708,0.7203932888884034,0.5029300451278687,0.34457236842105265,0.6825657894736842,0.7631578947368421,2.1556237752561556,CPTAC_to_TCGA,11,hetero_domain,mask10,50,3.4842591285705566,1316,330,1215.0,1216.0
1216,1.0738293861112547,0.7931246757507324,0.7307097091774792,0.5043221116065979,0.34457236842105265,0.6858552631578947,0.7648026315789473,2.1503150678379144,CPTAC_to_TCGA,11,hetero_domain,noise01,50,3.4842591285705566,1316,330,1215.0,1216.0
330,0.8438851283622142,0.6232649087905884,0.8494592990452352,0.7243531346321106,0.5696969696969697,0.896969696969697,0.9303030303030303,2.6221349915385246,CPTAC_to_TCGA,11,homo_domain,source_calibration_dev_checkpoint,50,1.2668997049331665,1316,330,,
1216,1.15428876793301,0.8823516368865967,0.664814059542989,0.4272594451904297,0.359375,0.7738486842105263,0.8519736842105263,2.4927757782220836,CPTAC_to_TCGA,11,homo_domain,clean,50,1.2668997049331665,1316,330,1215.0,1216.0
1216,1.160029291983432,0.8872965574264526,0.6509193990384069,0.4215485453605652,0.35773026315789475,0.7738486842105263,0.8486842105263158,2.4927757782220836,CPTAC_to_TCGA,11,homo_domain,mask10,50,1.2668997049331665,1316,330,1215.0,1216.0
1216,1.1532440806364497,0.8808366656303406,0.6661825983952122,0.42829567193984985,0.3651315789473684,0.7763157894736842,0.8544407894736842,2.4927757782220836,CPTAC_to_TCGA,11,homo_domain,noise01,50,1.2668997049331665,1316,330,1215.0,1216.0
330,0.7802258836294276,0.5658116936683655,0.8171499240893312,0.7289161682128906,0.6060606060606061,0.9090909090909091,0.9424242424242424,2.553931017798185,CPTAC_to_TCGA,23,mlp_no_domain,source_calibration_dev_checkpoint,50,0.7763416171073914,1316,330,,
1216,1.1597031758635885,0.9208117127418518,0.7433116477344178,0.4392808675765991,0.328125,0.7598684210526315,0.8453947368421053,2.553931017798185,CPTAC_to_TCGA,23,mlp_no_domain,clean,50,0.7763416171073914,1316,330,1215.0,1216.0
1216,1.164743262804291,0.9236464500427246,0.7322414329647138,0.43439650535583496,0.32976973684210525,0.7516447368421053,0.837171052631579,2.553931017798185,CPTAC_to_TCGA,23,mlp_no_domain,mask10,50,0.7763416171073914,1316,330,1215.0,1216.0
1216,1.1601993539939572,0.9210371971130371,0.7429344399550265,0.43880099058151245,0.32894736842105265,0.7598684210526315,0.8388157894736842,2.553931017798185,CPTAC_to_TCGA,23,mlp_no_domain,noise01,50,0.7763416171073914,1316,330,1215.0,1216.0
330,0.7677617132572179,0.5532558560371399,0.8163918817641818,0.7375081181526184,0.5303030303030303,0.8878787878787879,0.9454545454545454,2.525577632515448,CPTAC_to_TCGA,23,hetero_no_domain,source_calibration_dev_checkpoint,50,2.574331283569336,1316,330,,
1216,1.1878177318141643,0.9274557828903198,0.7340932806402118,0.4117644429206848,0.3042763157894737,0.7269736842105263,0.8240131578947368,2.558343611369272,CPTAC_to_TCGA,23,hetero_no_domain,clean,50,2.574331283569336,1316,330,1215.0,1216.0
1216,1.193708403097281,0.9300057291984558,0.725896160570155,0.4059155583381653,0.3034539473684211,0.7236842105263158,0.8223684210526315,2.556477003356427,CPTAC_to_TCGA,23,hetero_no_domain,mask10,50,2.574331283569336,1316,330,1215.0,1216.0
1216,1.188738377992635,0.9270992279052734,0.733635169997547,0.41085219383239746,0.3059210526315789,0.7245065789473685,0.8240131578947368,2.5583728864351554,CPTAC_to_TCGA,23,hetero_no_domain,noise01,50,2.574331283569336,1316,330,1215.0,1216.0
330,0.7530304560537016,0.5595821738243103,0.8155533600556134,0.7474844455718994,0.5212121212121212,0.8636363636363636,0.9090909090909091,2.464844851800935,CPTAC_to_TCGA,23,hetero_domain,source_calibration_dev_checkpoint,50,2.8651626110076904,1316,330,,
1216,1.0106543756201445,0.7375650405883789,0.7604112747092436,0.5741496682167053,0.44243421052631576,0.8396381578947368,0.8947368421052632,2.464173195752256,CPTAC_to_TCGA,23,hetero_domain,clean,50,2.8651626110076904,1316,330,1215.0,1216.0
1216,1.0133998851400385,0.7394108772277832,0.75560130484321,0.5718327760696411,0.4292763157894737,0.828125,0.8939144736842105,2.4618572437494577,CPTAC_to_TCGA,23,hetero_domain,mask10,50,2.8651626110076904,1316,330,1215.0,1216.0
1216,1.01089980513563,0.7371731400489807,0.7600240836345964,0.5739427804946899,0.4375,0.837171052631579,0.8947368421052632,2.4639790333216647,CPTAC_to_TCGA,23,hetero_domain,noise01,50,2.8651626110076904,1316,330,1215.0,1216.0
330,0.7970731900160171,0.6028846502304077,0.8107908840115089,0.7170827984809875,0.5696969696969697,0.8878787878787879,0.9393939393939394,2.592862587589025,CPTAC_to_TCGA,23,homo_domain,source_calibration_dev_checkpoint,50,1.2612226009368896,1316,330,,
1216,1.0805224975545662,0.7975428700447083,0.7236911233012133,0.5132350921630859,0.4251644736842105,0.787828947368421,0.8577302631578947,2.3958407812774176,CPTAC_to_TCGA,23,homo_domain,clean,50,1.2612226009368896,1316,330,1215.0,1216.0
1216,1.0867387847918422,0.8028566241264343,0.7192751688330244,0.5076181888580322,0.41118421052631576,0.7845394736842105,0.8478618421052632,2.3958407812774176,CPTAC_to_TCGA,23,homo_domain,mask10,50,1.2612226009368896,1316,330,1215.0,1216.0
1216,1.080418621011936,0.7973320484161377,0.7235987963819421,0.5133286714553833,0.42598684210526316,0.7911184210526315,0.8536184210526315,2.3958407812774176,CPTAC_to_TCGA,23,homo_domain,noise01,50,1.2612226009368896,1316,330,1215.0,1216.0
330,0.7766944435443451,0.5722973346710205,0.8571739137994538,0.7537829279899597,0.593939393939394,0.8878787878787879,0.9333333333333333,2.542701632106304,CPTAC_to_TCGA,47,mlp_no_domain,source_calibration_dev_checkpoint,50,0.7729281187057495,1316,330,,
1216,1.1418304344463026,0.9032431244850159,0.7408778700612945,0.46206074953079224,0.34786184210526316,0.7549342105263158,0.8412828947368421,2.542701632106304,CPTAC_to_TCGA,47,mlp_no_domain,clean,50,0.7729281187057495,1316,330,1215.0,1216.0
1216,1.1574177386917737,0.9155622720718384,0.7204693566567971,0.4472735524177551,0.32976973684210525,0.7442434210526315,0.8322368421052632,2.542701632106304,CPTAC_to_TCGA,47,mlp_no_domain,mask10,50,0.7729281187057495,1316,330,1215.0,1216.0
1216,1.1425905927972269,0.903690755367279,0.7407245324919184,0.46134430170059204,0.3495065789473684,0.7574013157894737,0.8388157894736842,2.542701632106304,CPTAC_to_TCGA,47,mlp_no_domain,noise01,50,0.7729281187057495,1316,330,1215.0,1216.0
330,0.7297104352005459,0.516350507736206,0.877299317950704,0.7826704382896423,0.5727272727272728,0.9121212121212121,0.9424242424242424,2.3845339752215233,CPTAC_to_TCGA,47,hetero_no_domain,source_calibration_dev_checkpoint,50,2.9575746059417725,1316,330,,
1216,1.132169817439745,0.8838242888450623,0.7505346973975714,0.47112488746643066,0.3199013157894737,0.7088815789473685,0.7944078947368421,2.419136380748816,CPTAC_to_TCGA,47,hetero_no_domain,clean,50,2.9575746059417725,1316,330,1215.0,1216.0
1216,1.1430099844909476,0.8915295600891113,0.7371654289939996,0.4609488248825073,0.31414473684210525,0.6973684210526315,0.7911184210526315,2.4230263678850186,CPTAC_to_TCGA,47,hetero_no_domain,mask10,50,2.9575746059417725,1316,330,1215.0,1216.0
1216,1.1326660061528027,0.8838569521903992,0.7502868271016997,0.4706612229347229,0.3157894736842105,0.7023026315789473,0.7960526315789473,2.4185299757994048,CPTAC_to_TCGA,47,hetero_no_domain,noise01,50,2.9575746059417725,1316,330,1215.0,1216.0
330,0.7277878303982175,0.5354416370391846,0.8858700836693084,0.7838141322135925,0.5212121212121212,0.906060606060606,0.9515151515151515,2.3515808331356807,CPTAC_to_TCGA,47,hetero_domain,source_calibration_dev_checkpoint,50,3.478057384490967,1316,330,,
1216,1.061305945890904,0.7963895201683044,0.7546435518367139,0.5352587699890137,0.46875,0.8717105263157895,0.928453947368421,3.2092668744806025,CPTAC_to_TCGA,47,hetero_domain,clean,50,3.478057384490967,1316,330,1215.0,1216.0
1216,1.06874152955385,0.8023191690444946,0.7418519555726415,0.528723955154419,0.46875,0.8741776315789473,0.9243421052631579,3.2158211301351507,CPTAC_to_TCGA,47,hetero_domain,mask10,50,3.478057384490967,1316,330,1215.0,1216.0
1216,1.0620200251111946,0.7966278195381165,0.7546067473792275,0.534633219242096,0.47368421052631576,0.8717105263157895,0.9251644736842105,3.209347654776706,CPTAC_to_TCGA,47,hetero_domain,noise01,50,3.478057384490967,1316,330,1215.0,1216.0
330,0.7788822533862517,0.5984064936637878,0.8618418187553298,0.752393901348114,0.5333333333333333,0.9090909090909091,0.9424242424242424,2.47334254283905,CPTAC_to_TCGA,47,homo_domain,source_calibration_dev_checkpoint,50,1.2336716651916504,1316,330,,
1216,2.2184266405475226,1.8730312585830688,0.5267024542296248,-1.0305800437927246,0.08223684210526316,0.3092105263157895,0.40707236842105265,2.360154358655214,CPTAC_to_TCGA,47,homo_domain,clean,50,1.2336716651916504,1316,330,1215.0,1216.0
1216,2.2204225710189447,1.8728742599487305,0.5168487482005327,-1.0342354774475098,0.08881578947368421,0.30098684210526316,0.41118421052631576,2.360154358655214,CPTAC_to_TCGA,47,homo_domain,mask10,50,1.2336716651916504,1316,330,1215.0,1216.0
1216,2.2188124312092983,1.8730374574661255,0.5257745974714199,-1.0312864780426025,0.08305921052631579,0.3042763157894737,0.40789473684210525,2.360154358655214,CPTAC_to_TCGA,47,homo_domain,noise01,50,1.2336716651916504,1316,330,1215.0,1216.0
