direction,seed,model,n,rmse,mae,spearman,r2
CPTAC_to_TCGA,11,gpu,1216,1.0398143033218186,0.7671007885303545,0.708731746077575,0.5352273264902522
CPTAC_to_TCGA,11,hgb,1216,1.1541092733261098,0.8972598136168669,0.6920562720231497,0.4274375362454904
CPTAC_to_TCGA,23,gpu,1216,1.0518948600794833,0.7781396205782106,0.7324742575149225,0.5386862894320734
CPTAC_to_TCGA,23,hgb,1216,1.2193506096345466,0.9464662216561869,0.6995038698108189,0.3801181844725102
CPTAC_to_TCGA,47,gpu,1216,0.9975712618117051,0.7157122010585705,0.7461184328012399,0.5894010295424972
CPTAC_to_TCGA,47,hgb,1216,1.1655885013017682,0.9034530789793628,0.6990115737326866,0.43944206403042696
TCGA_to_CPTAC,11,gpu,823,0.86197908393001,0.6128196048200637,0.7657105344356255,0.6569076611677387
TCGA_to_CPTAC,11,hgb,823,1.0063573408752131,0.7355483962945969,0.7028735973565713,0.5323488531178127
TCGA_to_CPTAC,23,gpu,823,0.8946630435479487,0.6623118650869785,0.770929773315001,0.6499231787849162
TCGA_to_CPTAC,23,hgb,823,1.0191323286878988,0.7582934985459288,0.7149075850240194,0.5457389337099995
TCGA_to_CPTAC,47,gpu,823,0.9077427642370426,0.6502432824629625,0.7893733701026715,0.6790024375416782
TCGA_to_CPTAC,47,hgb,823,1.0697410718701754,0.7951181327991871,0.7085392714792739,0.5542067549606732
