n,rmse,mae,spearman,r2,coverage_50,coverage_90,coverage_95,width_90,direction,source,target,seed,model,split,epochs,scale_factor,source_train_n,source_calibration_n,target_adaptation_n,target_external_n
823,0.8619790936764843,0.6128196120262146,0.7657105344356255,0.6569076776504517,0.4726609963547995,0.8031591737545565,0.8614823815309842,2.1137159088702386,TCGA_to_CPTAC,TCGA,CPTAC,11,assay_aware_refit,external_holdout,50,3.0203449726104736,1944,487,823.0,823.0
487,0.7754296742174511,0.5822656154632568,0.8001857736293386,0.7436023354530334,0.5297741273100616,0.9014373716632443,0.946611909650924,2.543374705669394,TCGA_to_CPTAC,TCGA,CPTAC,11,assay_aware_refit,source_calibration_dev_checkpoint,50,3.0203449726104736,1944,487,,
823,0.8946630722266001,0.662311851978302,0.770929773315001,0.6499232053756714,0.5783718104495748,0.9015795868772782,0.9416767922235723,3.4445571514555016,TCGA_to_CPTAC,TCGA,CPTAC,23,assay_aware_refit,external_holdout,50,4.240894794464111,1944,487,823.0,823.0
487,0.9003163801518106,0.6201762557029724,0.7667117866120834,0.6758049726486206,0.6036960985626283,0.9219712525667351,0.9486652977412731,2.957524272923266,TCGA_to_CPTAC,TCGA,CPTAC,23,assay_aware_refit,source_calibration_dev_checkpoint,50,4.240894794464111,1944,487,,
823,0.907742783566353,0.6502432823181152,0.7893733701026715,0.6790024042129517,0.6123936816524909,0.9100850546780073,0.9477521263669502,3.2271851577280866,TCGA_to_CPTAC,TCGA,CPTAC,47,assay_aware_refit,external_holdout,50,4.054044723510742,1944,487,823.0,823.0
487,0.8114497292437481,0.5904819369316101,0.7923321279001757,0.6836912631988525,0.5646817248459959,0.8850102669404517,0.9240246406570842,2.6423937433046727,TCGA_to_CPTAC,TCGA,CPTAC,47,assay_aware_refit,source_calibration_dev_checkpoint,50,4.054044723510742,1944,487,,
1216,1.0398143830082558,0.7671008110046387,0.708731746077575,0.5352272987365723,0.3939144736842105,0.7639802631578947,0.837171052631579,2.2804190586997977,CPTAC_to_TCGA,CPTAC,TCGA,11,assay_aware_refit,external_holdout,50,3.6084389686584473,1316,330,1215.0,1216.0
330,0.8065634037029017,0.5784158706665039,0.8457146366881798,0.7481955289840698,0.5969696969696969,0.9090909090909091,0.9303030303030303,2.6498560624355982,CPTAC_to_TCGA,CPTAC,TCGA,11,assay_aware_refit,source_calibration_dev_checkpoint,50,3.6084389686584473,1316,330,,
1216,1.0518948351507953,0.778139591217041,0.7324742575149225,0.5386863350868225,0.2689144736842105,0.6291118421052632,0.7212171052631579,1.7024469592806097,CPTAC_to_TCGA,CPTAC,TCGA,23,assay_aware_refit,external_holdout,50,2.1009819507598877,1316,330,1215.0,1216.0
330,0.7541585707537298,0.5468757152557373,0.8103312164958402,0.7467273473739624,0.5484848484848485,0.8484848484848485,0.9,2.476466681936844,CPTAC_to_TCGA,CPTAC,TCGA,23,assay_aware_refit,source_calibration_dev_checkpoint,50,2.1009819507598877,1316,330,,
1216,0.9975712607798314,0.7157121896743774,0.7461184328012399,0.5894010066986084,0.5509868421052632,0.8963815789473685,0.9300986842105263,3.0765613193842998,CPTAC_to_TCGA,CPTAC,TCGA,47,assay_aware_refit,external_holdout,50,3.6354079246520996,1316,330,1215.0,1216.0
330,0.7568459787010311,0.5503228306770325,0.8750387476034707,0.7662063241004944,0.5363636363636364,0.8939393939393939,0.9424242424242424,2.4313603938875956,CPTAC_to_TCGA,CPTAC,TCGA,47,assay_aware_refit,source_calibration_dev_checkpoint,50,3.6354079246520996,1316,330,,
